USE `Coop-Scoop`;

INSERT IGNORE INTO Users (userId, password, email, accountStatus)
VALUES
    (1000000, 'eC7Nu/z,JPxvE4LQ', 'ckusick0@nymag.com', 'Active'),
    (1000001, 'dN1xxFLZIEm@m', 'rpusey1@reuters.com', 'Active'),
    (1000002, 'hP0A{oS/', 'gros2@behance.net', 'Active'),
    (1000003, 'fN4U$X`#tK', 'nscottrell3@vk.com', 'Active'),
    (1000004, 'bH90fQ~', 'aitscowics4@geocities.jp', 'Active'),
    (1000005, 'iY0r&rXm+$8uRw', 'apitkins5@nature.com', 'Active'),
    (1000006, 'kW61RXn|P~mI9>oa', 'havory6@umn.edu', 'Active'),
    (1000007, 'kI2KA{5kH3gQe', 'dlemmer7@deliciousdays.com', 'Active'),
    (1000008, 'uU6mBf03O57', 'lfrisel8@hexun.com', 'Active'),
    (1000009, 'kT7Oy{uD%@$A!dn', 'rdixcey9@timesonline.co.uk', 'Active'),
    (1000010, 'dE1e0+KL', 'cvernhama@home.pl', 'Active'),
    (1000011, 'aU2c+u69T&ix', 'mdmitrichenkob@vkontakte.ru', 'Active'),
    (1000012, 'mD1=Z,KU=f#e9`', 'hyakobowitchc@hatena.ne.jp', 'Suspended'),
    (1000013, 'hZ3Zty~f', 'dyoueld@addthis.com', 'Active'),
    (1000014, 'xN7M$3I<9', 'oconnore@people.com.cn', 'Active'),
    (1000015, 'yH53@N9''T83Fp', 'omcinultyf@amazon.de', 'Active'),
    (1000016, 'gF9u+/bf|Bml5', 'dlorrimerg@scientificamerican.com', 'Active'),
    (1000017, 'zS3bOl@g=/5)', 'kseeleyh@state.tx.us', 'Active'),
    (1000018, 'dA9G,3hja', 'sglennardi@plala.or.jp', 'Active'),
    (1000019, 'eW9P)FiPOd,X/"', 'ghalgarthj@loc.gov', 'Active'),
    (1000020, 'kT63CzEWHWj"LN(', 'ctrethowank@istockphoto.com', 'Suspended'),
    (1000021, 'fF9F?ga~>X"jINd', 'ddunlopl@nsw.gov.au', 'Active'),
    (1000022, 'kU3QK%GY', 'mcolbym@ehow.com', 'Active'),
    (1000023, 'tW8~v2eV"+Y', 'nbrockn@boston.com', 'Suspended'),
    (1000024, 'qO4L&}Sc', 'espratleyo@wp.com', 'Active'),
    (1000025, 'wU4fA3|e)', 'schadneyp@youtube.com', 'Active'),
    (1000026, 'gZ3lP,TGzq_', 'rjotchamq@ebay.com', 'Active'),
    (1000027, 'vX8fYboR(q', 'ghuskissonr@census.gov', 'Active'),
    (1000028, 'bB0q|uCOn(V', 'nbrandricks@ucsd.edu', 'Active'),
    (1000029, 'jS7Xj<mAkmZwcHW%', 'twolfert@fda.gov', 'Active'),
    (1000030, 'bS9eX(I', 'lrycraftu@disqus.com', 'Active'),
    (1000031, 'kH1>Qxa,!dm4', 'hcolwillv@statcounter.com', 'Active'),
    (1000032, 'gB6ByFj@7K', 'eabbessw@who.int', 'Active'),
    (1000033, 'hS86xe}S', 'paviesonx@wunderground.com', 'Active'),
    (1000034, 'iK3?!7P%+0', 'pducky@fastcompany.com', 'Active'),
    (1000035, 'pK5V9=F|j_LXVH3{', 'nisenorz@qq.com', 'Active'),
    (1000036, 'yC8m4DCb6I', 'srisson10@exblog.jp', 'Active'),
    (1000037, 'wE3#")bv=eL', 'cantonioni11@nydailynews.com', 'Active'),
    (1000038, 'wB7xZCpS$rR', 'gglanister12@e-recht24.de', 'Active'),
    (1000039, 'aH7gmVcmS1zYH', 'gfeldklein13@plala.or.jp', 'Active'),
    (1000040, 'lC4C_v/e*}#hLF', 'givankovic14@goodreads.com', 'Active'),
    (1000041, 'lJ4Tc<lus<thp_S', 'lsotheron15@si.edu', 'Suspended'),
    (1000042, 'kN68&@v', 'gvescovo16@cocolog-nifty.com', 'Active'),
    (1000043, 'fX3LZE%', 'hspurett17@quantcast.com', 'Active'),
    (1000044, 'qL1PT.WMyQ$*Tgp', 'ascarlan18@reddit.com', 'Suspended'),
    (1000045, 'mA8%Qhv~ObhPo', 'bgibberd19@vistaprint.com', 'Active'),
    (1000046, 'hE1*qN3L', 'caulton1a@ask.com', 'Active'),
    (1000047, 'uQ6}I53MT,i2', 'bgiacovazzo1b@ovh.net', 'Active'),
    (1000048, 'kD9_SG`Zz._6$', 'rscholefield1c@stanford.edu', 'Active'),
    (1000049, 'uI6mLU{7.&v3`', 'slesarr1d@archive.org', 'Active'),
    (1000050, 'yE$*NzmoHcX:', 'peytonwilson50@university.edu', 'Active'),
    (1000051, 'h%Aa,KI)''b>N', 'morgantaylor51@yahoo.com', 'Active'),
    (1000052, ']2dAk'')BXeyw', 'alexbrown52@yahoo.com', 'Active'),
    (1000053, 'S0<l>:x$E@$h', 'peytonthomas53@yahoo.com', 'Active'),
    (1000054, '!hi@F]c-W=X$', 'averyanderson54@example.com', 'Suspended'),
    (1000055, ';@Pzxq+-Aax<', 'peytonsmith55@example.com', 'Suspended'),
    (1000056, '$c)KMKPGNV5*', 'rileymiller56@hotmail.com', 'Suspended'),
    (1000057, 'T''1Lt&De]yW.', 'jordantaylor57@example.com', 'Active'),
    (1000058, 'dyZ@1qB.pvV+', 'morganwilson58@hotmail.com', 'Active'),
    (1000059, 'vz0yN,38ur[W', 'caseythomas59@hotmail.com', 'Active'),
    (1000060, '<MxH2(8jZieh', 'jamiemiller60@hotmail.com', 'Active'),
    (1000061, 'o-c9j,{CN{b6', 'jamiewilson61@hotmail.com', 'Active'),
    (1000062, '|YL|<](wVMRD', 'averywilson62@outlook.com', 'Active'),
    (1000063, 'iBx_Rr?''*pNy', 'alexanderson63@hotmail.com', 'Active'),
    (1000064, 'He*Q:BajScG+', 'caseytaylor64@gmail.com', 'Active'),
    (1000065, 'CGnq]79TRhY9', 'taylorsmith65@hotmail.com', 'Active'),
    (1000066, 'NY.hN8pztlRM', 'averythomas66@yahoo.com', 'Active'),
    (1000067, 'xQ0^q)Oh)o>d', 'jamiedavis67@example.com', 'Active'),
    (1000068, 'e}10%u$%=lH?', 'rileymoore68@outlook.com', 'Active'),
    (1000069, 'X95&Cwl](To&', 'caseywilson69@hotmail.com', 'Active'),
    (1000070, '1z]vU#|P%(+3', 'tayloranderson70@outlook.com', 'Active'),
    (1000071, 'VFIbHgELS#W0', 'caseymiller71@yahoo.com', 'Active'),
    (1000072, '@g!wlXp&^d*9', 'rileywilson72@example.com', 'Suspended'),
    (1000073, 'u8ekl6{$U2,t', 'caseythomas73@outlook.com', 'Active'),
    (1000074, 'ND}_bA+mpuH)', 'morganthomas74@gmail.com', 'Active'),
    (1000075, '1[,eLy>p{]A)', 'peytonthomas75@example.com', 'Active'),
    (1000076, 'gBP4SY3e7LE?', 'quinnmoore76@yahoo.com', 'Active'),
    (1000077, '4F}U+s1W>(jm', 'peytonthomas77@example.com', 'Active'),
    (1000078, '[Wqy$wQvyv=r', 'taylorsmith78@yahoo.com', 'Active'),
    (1000079, 'b8DFQZywUHkx', 'rileybrown79@hotmail.com', 'Active'),
    (1000080, '@[0Kb_<8)YBq', 'taylorbrown80@example.com', 'Active'),
    (1000081, 'bI4RX6@-I<FX', 'rileybrown81@gmail.com', 'Active'),
    (1000082, '%f''dk{fIfv!=', 'taylormiller82@gmail.com', 'Active'),
    (1000083, '@-2thrwpMf]a', 'caseydavis83@yahoo.com', 'Active'),
    (1000084, 'F5BcQq)-9dLV', 'jordanmiller84@outlook.com', 'Active'),
    (1000085, 'TqH[ysECLj#V', 'jordantaylor85@university.edu', 'Active'),
    (1000086, '{K_[gZ{SC$NC', 'taylordavis86@university.edu', 'Suspended'),
    (1000087, 'lZ*B=3?2};av', 'taylortaylor87@yahoo.com', 'Active'),
    (1000088, 'Yv_VQW6F)2f*', 'peytonbrown88@gmail.com', 'Active'),
    (1000089, ')*+-''TA7GjD1', 'caseysmith89@gmail.com', 'Active'),
    (1000090, 'sCRG.@{-*_wr', 'morgansmith90@yahoo.com', 'Active'),
    (1000091, 'P=Y;uuYOI+B<', 'rileywilson91@hotmail.com', 'Active'),
    (1000092, 'Qnxfdx4R&hB3', 'quinndavis92@example.com', 'Active'),
    (1000093, 'J8;=$Vn''!Q?|', 'jamiewilson93@gmail.com', 'Active'),
    (1000094, 'z{,t&+6AHG3{', 'jordananderson94@hotmail.com', 'Active'),
    (1000095, 'TPmsQ$)LH+G0', 'morganmiller95@university.edu', 'Active'),
    (1000096, ')k.<1D.I<iq[', 'rileymoore96@outlook.com', 'Suspended'),
    (1000097, 'SCOW6IOP=Gze', 'alexjones97@yahoo.com', 'Active'),
    (1000098, ';V*L-kODkG,8', 'morganthomas98@university.edu', 'Active'),
    (1000099, '._h&@l:_+UH0', 'tayloranderson99@example.com', 'Active'),
    (1000100, ']_yQ.MmX,3eZ', 'jamiemoore100@hotmail.com', 'Active'),
    (1000101, 'aS:ekq[,{PjF', 'averybrown101@outlook.com', 'Active'),
    (1000102, '?M1_U?^(''9*S', 'tayloranderson102@gmail.com', 'Active'),
    (1000103, 'dCkDzL-Nm,s6', 'peytonmiller103@outlook.com', 'Active'),
    (1000104, 'gi}5oUO}J-''L', 'peytonmiller104@yahoo.com', 'Active'),
    (1000105, 'n,D7cjELj4Ad', 'alexanderson105@university.edu', 'Active'),
    (1000106, 'A??0(Cf)IPcq', 'taylordavis106@university.edu', 'Active'),
    (1000107, 'z?Q87A^WWlxv', 'rileybrown107@hotmail.com', 'Suspended'),
    (1000108, 'jJ%gX0GQNB=G', 'jordanwilson108@university.edu', 'Active'),
    (1000109, '>}F.qc7s0-5B', 'morgantaylor109@yahoo.com', 'Active'),
    (1000110, '|M]}?rXPmwVv', 'taylorthomas110@example.com', 'Active'),
    (1000111, '9Ru_kOd=0Ua_', 'morgansmith111@outlook.com', 'Suspended'),
    (1000112, '(X%U)7kodmm?', 'caseyjones112@hotmail.com', 'Active'),
    (1000113, 'fSatTu0&ciFL', 'caseysmith113@hotmail.com', 'Active'),
    (1000114, '}Vuw=E>16DEI', 'peytonmiller114@gmail.com', 'Active'),
    (1000115, 'Op''Y60KBJhDG', 'averymiller115@yahoo.com', 'Active'),
    (1000116, 'k%{O|!MAp>6M', 'alexthomas116@hotmail.com', 'Active'),
    (1000117, 'HzZ=''P9GML[R', 'caseymoore117@gmail.com', 'Suspended'),
    (1000118, 'ldQe7aT=g;(s', 'quinnbrown118@example.com', 'Active'),
    (1000119, '*?zFTveTM*G$', 'quinnjones119@example.com', 'Active'),
    (1000120, '7BT=C|p%pX2A', 'morgansmith120@university.edu', 'Active'),
    (1000121, ')cchyri<afJQ', 'caseywilson121@gmail.com', 'Active'),
    (1000122, 'pj;&FN5cxG1o', 'quinndavis122@hotmail.com', 'Active'),
    (1000123, '(EN5K:^Y&|Pb', 'alexdavis123@yahoo.com', 'Suspended'),
    (1000124, 'GAHLhr!.BE1D', 'caseydavis124@example.com', 'Active'),
    (1000125, 'WEjH=!,7f#NJ', 'morgandavis125@hotmail.com', 'Active'),
    (1000126, 'yy!:lvv.h^tl', 'quinnmoore126@hotmail.com', 'Active'),
    (1000127, 's=$*W3DVa,ce', 'peytonsmith127@yahoo.com', 'Active'),
    (1000128, '''YsRnJTvVV(l', 'averythomas128@gmail.com', 'Active'),
    (1000129, 'eiFmzhw($Fng', 'caseymoore129@hotmail.com', 'Active'),
    (1000130, 'H2,C}dHT3,2w', 'averythomas130@hotmail.com', 'Active'),
    (1000131, 'g5c''5c;|o:xj', 'caseybrown131@yahoo.com', 'Active'),
    (1000132, 'Qv58FHMUtA1J', 'alexbrown132@yahoo.com', 'Active'),
    (1000133, '|e.F''FuZdXqJ', 'jordansmith133@gmail.com', 'Active'),
    (1000134, '2)i)vn{=|@)l', 'caseyanderson134@gmail.com', 'Active'),
    (1000135, 'F+>RP7ARQ>=M', 'morganthomas135@hotmail.com', 'Active'),
    (1000136, 'BFx<T''x_CP{c', 'jordanjones136@yahoo.com', 'Suspended'),
    (1000137, 'eCU52xMf=8sI', 'rileydavis137@yahoo.com', 'Active'),
    (1000138, '}t2L)[.Q1*xZ', 'alexjones138@example.com', 'Active'),
    (1000139, ')(U>pLa(|K,!', 'rileywilson139@university.edu', 'Active'),
    (1000140, '(Aautrx&AcpS', 'quinnmiller140@outlook.com', 'Suspended'),
    (1000141, 't.Ik^eR_kJI;', 'alexjones141@example.com', 'Active'),
    (1000142, 'X<t|d12j(MBC', 'jamiemiller142@example.com', 'Active'),
    (1000143, 'aeOnTWs8GV0|', 'averythomas143@university.edu', 'Suspended'),
    (1000144, 'G2|yDQEV!{*&', 'jamiejones144@gmail.com', 'Active'),
    (1000145, 'sdD6&494YMYb', 'jordanmoore145@outlook.com', 'Active'),
    (1000146, '}G,{<Xra?dMv', 'rileymiller146@hotmail.com', 'Active'),
    (1000147, 'IHdnIJy4+|uD', 'morgandavis147@example.com', 'Active'),
    (1000148, '[TSU[5[FI5IN', 'morganwilson148@university.edu', 'Active'),
    (1000149, 'uS3aJfj.2wan', 'quinnmoore149@yahoo.com', 'Active'),
    (1000150, 'f>VWs7?]Kt-8', 'morgantaylor150@outlook.com', 'Active'),
    (1000151, 'ixoeA;)nnC+]', 'rileymiller151@university.edu', 'Active'),
    (1000152, 'FDjXtN<''TU<Y', 'caseymoore152@hotmail.com', 'Active'),
    (1000153, '8M7S*:)aj%<T', 'averytaylor153@outlook.com', 'Active'),
    (1000154, 'a!nAOH@<}l@T', 'alexanderson154@yahoo.com', 'Active'),
    (1000155, 'AS2v91z$YPzX', 'jordanwilson155@gmail.com', 'Active'),
    (1000156, 'lfPknXy0N^$g', 'jamiewilson156@university.edu', 'Active'),
    (1000157, ''';(=p4@lPt4[', 'averysmith157@yahoo.com', 'Active'),
    (1000158, '#=C{}?^&W<]u', 'jordansmith158@yahoo.com', 'Active'),
    (1000159, 'Yu}(BHW!B''Bz', 'jamiethomas159@university.edu', 'Active'),
    (1000160, 'VeUbk33]EfP-', 'averyjones160@hotmail.com', 'Active'),
    (1000161, '0]3?VMb5!>%F', 'rileydavis161@hotmail.com', 'Active'),
    (1000162, 'Z84;5PdYo:N=', 'taylorjones162@outlook.com', 'Active'),
    (1000163, 'tqIG*pjH^Tfy', 'jordanbrown163@hotmail.com', 'Active'),
    (1000164, 'iieF]A[k|vxd', 'alexmiller164@hotmail.com', 'Active'),
    (1000165, 'A!+n)ev@3*Xc', 'averyanderson165@outlook.com', 'Suspended'),
    (1000166, '?fyJu!:I=<kQ', 'jordanmiller166@university.edu', 'Active'),
    (1000167, '59mIfBi@!;Yr', 'morganthomas167@gmail.com', 'Active'),
    (1000168, 'xsGiX,EjU{DI', 'taylorwilson168@university.edu', 'Suspended'),
    (1000169, '{!QD[79s6C1-', 'quinnsmith169@gmail.com', 'Suspended'),
    (1000170, 'uU5Sa.b>G=a5', 'alexthomas170@outlook.com', 'Active'),
    (1000171, 'N<(-crBWJ4Gm', 'caseydavis171@hotmail.com', 'Active'),
    (1000172, '''f,1NmC]+sp|', 'caseywilson172@outlook.com', 'Active'),
    (1000173, 'X4bWXVox4jM@', 'taylorsmith173@hotmail.com', 'Active'),
    (1000174, ']>7v&C9.aj|2', 'averydavis174@hotmail.com', 'Active');


INSERT IGNORE INTO Advisors (userId, firstName, lastName, college)
VALUES
(1000021, 'Keir', 'Crease', 'Khoury'),
(1000023, 'Holly', 'Pendlenton', 'Khoury'),
(1000007, 'Vick', 'Longthorn', 'Khoury'),
(1000117, 'Eugene', 'Brixey', 'CSSH'),
(1000003, 'Wendi', 'Sommersett', 'CAMD'),
(1000004, 'Thebault', 'Karys', 'DAmore-McKim'),
(1000163, 'Tadd', 'Swane', 'CPS'),
(1000024, 'Christyna', 'Stockhill', 'COE'),
(1000171, 'Bennie', 'Bonham', 'Khoury'),
(1000172, 'Corny', 'Southey', 'COS'),
(1000121, 'Yurik', 'Hedgecock', 'CAMD'),
(1000164, 'Coral', 'de Wilde', 'Khoury'),
(1000039, 'Chase', 'Dassindale', 'Khoury'),
(1000159, 'Reggy', 'Skinley', 'COS'),
(1000008, 'Napoleon', 'Ferriman', 'CSSH'),
(1000005, 'Pacorro', 'Brereton', 'COE'),
(1000025, 'Salomon', 'Piers', 'Khoury'),
(1000160, 'Donnamarie', 'Flawith', 'DAmore-McKim'),
(1000151, 'Valentina', 'Humble', 'COS'),
(1000081, 'Alexis', 'Toal', 'Khoury');


INSERT IGNORE INTO Admins (userId, firstName, lastName) VALUES
    (1000061, 'Jonie', 'Antonignetti'),
    (1000100, 'Shayla', 'Kinchlea'),
    (1000015, 'Trevor', 'Helleker'),
    (1000000, 'Wade', 'Thatcher'),
    (1000148, 'Kandy', 'Hixson'),
    (1000131, 'Starlin', 'Howett'),
    (1000084, 'Prescott', 'Ubee'),
    (1000050, 'Jamesy', 'Densie'),
    (1000112, 'Jordana', 'Mirrlees'),
    (1000070, 'Noby', 'Laydel'),
    (1000161, 'Winifred', 'Loisi'),
    (1000107, 'Veronique', 'Colliss'),
    (1000156, 'Harwell', 'Cossell'),
    (1000073, 'Merrilee', 'Affleck'),
    (1000090, 'Ody', 'Enticknap'),
    (1000006, 'Odelle', 'Cafferty'),
    (1000095, 'Ezra', 'Frobisher'),
    (1000074, 'Saraann', 'Blagden'),
    (1000071, 'Cynthia', 'Trower'),
    (1000066, 'Ruperto', 'Enders');